{
  "calibration_date": "2026-03-20T22:28:23.516015",
  "board": {
    "type": "chessboard",
    "cols": 11,
    "rows": 8,
    "square_size_mm": 25.0
  },
  "cameras": {
    "cam0_imx334_0": {
      "sensor_type": "camera",
      "comment": "imx334_0 - reference camera (body frame)",
      "T_BS": {
        "cols": 4,
        "rows": 4,
        "data": [
          1,
          0,
          0,
          0,
          0,
          1,
          0,
          0,
          0,
          0,
          1,
          0,
          0,
          0,
          0,
          1
        ]
      },
      "rate_hz": 30,
      "resolution": [
        1920,
        1080
      ],
      "camera_model": "pinhole",
      "intrinsics": [
        686.99883379414,
        686.8754402846349,
        958.8720940163005,
        532.8440087985529
      ],
      "distortion_model": "radial-tangential",
      "distortion_coefficients": [
        -0.014886770805677454,
        -0.0031557317554988585,
        3.415428009673198e-05,
        7.513117748102616e-05
      ],
      "calibration_resolution": [
        1920,
        1080
      ],
      "intrinsics_normalized": [
        0.35781189260111457,
        0.6359957780413287,
        0.4994125489668232,
        0.4933740822208823
      ],
      "intrinsic_rms_error": 0.434
    },
    "cam1_imx334_1": {
      "sensor_type": "camera",
      "comment": "imx334_1 - extrinsic relative to cam0",
      "T_BS": {
        "cols": 4,
        "rows": 4,
        "data": [
          0.9998897085874474,
          0.003908052495412293,
          0.014328216448761016,
          -0.0723831126918053,
          -0.0037790435691828933,
          0.9999521791268711,
          -0.009019882988389249,
          0.00011493550718028832,
          -0.014362781437161166,
          0.008964741218524832,
          0.9998566616892008,
          0.0006081729164180365,
          0.0,
          0.0,
          0.0,
          1.0
        ]
      },
      "rate_hz": 30,
      "resolution": [
        1920,
        1080
      ],
      "camera_model": "pinhole",
      "intrinsics": [
        688.0540949733412,
        687.810523629582,
        948.5483385414235,
        555.2208153249685
      ],
      "distortion_model": "radial-tangential",
      "distortion_coefficients": [
        -0.01469677615189069,
        -0.0026160485593068306,
        0.00021065159815237484,
        -0.0006993762309134599
      ],
      "calibration_resolution": [
        1920,
        1080
      ],
      "intrinsics_normalized": [
        0.3583615077986152,
        0.6368615959533167,
        0.49403559299032473,
        0.514093347523119
      ],
      "intrinsic_rms_error": 0.450409,
      "extrinsic_rms_error": 1.129852
    },
    "cam2_ov9281_0": {
      "sensor_type": "camera",
      "comment": "ov9281_0 - extrinsic relative to cam0",
      "T_BS": {
        "cols": 4,
        "rows": 4,
        "data": [
          0.999974558599961,
          0.0009561745363081984,
          -0.007068796437117652,
          0.0007739538458696445,
          -0.0009629636936539526,
          0.9999990783305898,
          -0.0009570992089261612,
          -0.02533953185284235,
          0.007067874768131913,
          0.0009638818533090809,
          0.9999745577153625,
          0.0023354080475322526,
          0.0,
          0.0,
          0.0,
          1.0
        ]
      },
      "rate_hz": 30,
      "resolution": [
        1280,
        800
      ],
      "camera_model": "pinhole",
      "intrinsics": [
        717.2954138058665,
        717.2904410333331,
        658.1004528767119,
        374.48227295822545
      ],
      "distortion_model": "equidistant",
      "distortion_coefficients": [
        -0.15166020969992391,
        0.022861193733500904,
        -0.01221245384735232,
        0.003366994746155948
      ],
      "calibration_resolution": [
        1280,
        800
      ],
      "intrinsics_normalized": [
        0.5603870420358332,
        0.8966130512916664,
        0.5141409788099311,
        0.46810284119778184
      ],
      "intrinsic_rms_error": 0.268606,
      "extrinsic_rms_error": 0.272533
    },
    "cam3_ov9281_1": {
      "sensor_type": "camera",
      "comment": "ov9281_1 - extrinsic relative to cam0",
      "T_BS": {
        "cols": 4,
        "rows": 4,
        "data": [
          0.9999412640644362,
          0.0017527807310679145,
          0.010695615032638866,
          -0.07221254505735075,
          -0.0016919156892203303,
          0.9999823403595088,
          -0.005697051028388596,
          -0.025395880023658987,
          -0.010705411833189023,
          0.005678620327886915,
          0.9999265710184191,
          0.002622740526662633,
          0.0,
          0.0,
          0.0,
          1.0
        ]
      },
      "rate_hz": 30,
      "resolution": [
        1280,
        800
      ],
      "camera_model": "pinhole",
      "intrinsics": [
        717.6573790057276,
        717.6396523594567,
        614.8518001935103,
        400.7318422094863
      ],
      "distortion_model": "equidistant",
      "distortion_coefficients": [
        -0.14487180562633759,
        0.010225912554918212,
        -0.002743623272512573,
        0.0015265295680184793
      ],
      "calibration_resolution": [
        1280,
        800
      ],
      "intrinsics_normalized": [
        0.5606698273482247,
        0.8970495654493209,
        0.4803529689011799,
        0.5009148027618578
      ],
      "intrinsic_rms_error": 0.422077,
      "extrinsic_rms_error": 0.432558
    }
  }
}