{
  "calibration_date": "2026-04-19T04:31:59.206475",
  "board": {
    "type": "chessboard",
    "cols": 11,
    "rows": 8,
    "square_size_mm": 25.0
  },
  "cameras": {
    "cam0_imx334_0": {
      "sensor_type": "camera",
      "comment": "imx334_0 - reference camera (body frame)",
      "T_BS": {
        "cols": 4,
        "rows": 4,
        "data": [
          1,
          0,
          0,
          0,
          0,
          1,
          0,
          0,
          0,
          0,
          1,
          0,
          0,
          0,
          0,
          1
        ]
      },
      "rate_hz": 30,
      "resolution": [
        1920,
        1080
      ],
      "camera_model": "fisheye",
      "intrinsics": [
        687.4404200313157,
        687.2241800592606,
        942.2567318986694,
        539.2757645538256
      ],
      "distortion_model": "equidistant",
      "distortion_coefficients": [
        0.31052342628804386,
        0.22503683672989439,
        -0.23247977017794183,
        0.1868342676858321
      ],
      "calibration_resolution": [
        1920,
        1080
      ],
      "intrinsics_normalized": [
        0.35804188543297694,
        0.6363186852400561,
        0.49075871453055697,
        0.49932941162391264
      ],
      "intrinsic_rms_error": 0.262574
    },
    "cam1_imx334_1": {
      "sensor_type": "camera",
      "comment": "imx334_1 - extrinsic relative to cam0",
      "T_BS": {
        "cols": 4,
        "rows": 4,
        "data": [
          0.9999673511578706,
          0.0036454063150840256,
          0.007211631653792849,
          -0.07356553752935509,
          -0.0036160920814915696,
          0.9999851642066824,
          -0.004073726131295734,
          0.0001997991720457077,
          -0.007226375050481081,
          0.004047515204736511,
          0.9999656979738342,
          0.00027161111330694976,
          0.0,
          0.0,
          0.0,
          1.0
        ]
      },
      "rate_hz": 30,
      "resolution": [
        1920,
        1080
      ],
      "camera_model": "fisheye",
      "intrinsics": [
        687.7857451136705,
        687.6256406838766,
        940.9081377779461,
        561.8673189405786
      ],
      "distortion_model": "equidistant",
      "distortion_coefficients": [
        0.32193514128051437,
        0.1712212382211205,
        -0.11888786254838221,
        0.11207538517304458
      ],
      "calibration_resolution": [
        1920,
        1080
      ],
      "intrinsics_normalized": [
        0.3582217422467034,
        0.6366904080406265,
        0.49005632175934694,
        0.5202475175375727
      ],
      "intrinsic_rms_error": 0.24077,
      "extrinsic_rms_error": 0.705145
    },
    "cam2_ov9281_0": {
      "sensor_type": "camera",
      "comment": "ov9281_0 - extrinsic relative to cam0",
      "T_BS": {
        "cols": 4,
        "rows": 4,
        "data": [
          0.9999929709580841,
          0.0012091884955451962,
          -0.0035490699636188676,
          -0.0002695111117613962,
          -0.0012122794828155496,
          0.9999988876890771,
          -0.0008689068212963997,
          -0.024822537387606113,
          0.0035480153438175754,
          0.0008732031784138761,
          0.9999933245293837,
          0.0015247663099459316,
          0.0,
          0.0,
          0.0,
          1.0
        ]
      },
      "rate_hz": 30,
      "resolution": [
        1280,
        800
      ],
      "camera_model": "pinhole",
      "intrinsics": [
        713.3523435620306,
        713.4224187525539,
        646.8964233293524,
        377.74373824592
      ],
      "distortion_model": "rational",
      "distortion_coefficients": [
        5.940754600022635,
        8.521611050368953,
        -0.0002493860502362292,
        -0.00011746325273317815,
        0.9168142540664442,
        6.413635331307469,
        11.335172341182002,
        4.080957714687569
      ],
      "calibration_resolution": [
        1280,
        800
      ],
      "intrinsics_normalized": [
        0.5573065184078364,
        0.8917780234406923,
        0.5053878307260565,
        0.4721796728074
      ],
      "intrinsic_rms_error": 0.426635,
      "extrinsic_rms_error": 0.426635
    },
    "cam3_ov9281_1": {
      "sensor_type": "camera",
      "comment": "ov9281_1 - extrinsic relative to cam0",
      "T_BS": {
        "cols": 4,
        "rows": 4,
        "data": [
          0.9999715935191221,
          0.001655153338517992,
          0.007353408886601604,
          -0.07336211144209263,
          -0.0016330635633512323,
          0.9999941394705623,
          -0.0030090077978777025,
          -0.02474077929245775,
          -0.007358346161034643,
          0.0029969137384360913,
          0.9999684361267703,
          0.0020107260813329616,
          0.0,
          0.0,
          0.0,
          1.0
        ]
      },
      "rate_hz": 30,
      "resolution": [
        1280,
        800
      ],
      "camera_model": "pinhole",
      "intrinsics": [
        713.7666190665589,
        713.9453850285656,
        619.9839691676442,
        387.0294162350962
      ],
      "distortion_model": "rational",
      "distortion_coefficients": [
        0.23647879161311613,
        -0.37789311760520605,
        -1.4064270503873674e-05,
        0.000530691294477146,
        -0.033684663278367576,
        0.7177578552044621,
        -0.3988961047079179,
        -0.17003854850119773
      ],
      "calibration_resolution": [
        1280,
        800
      ],
      "intrinsics_normalized": [
        0.5576301711457491,
        0.8924317312857071,
        0.48436247591222203,
        0.4837867702938703
      ],
      "intrinsic_rms_error": 0.581096,
      "extrinsic_rms_error": 0.581096
    }
  }
}